{
  "resultCode": "success",
  "result": {
    "time": 1520723614816,
    "areas": [
      {
        "datas": [
          {
            "tyn": "N",
            "ul": 1038000,
            "ll": 560000,
            "keps": 25746,
            "dv": 1131.00000,
            "cr": 0.38,
            "lv": 797000,
            "hv": 814000,
            "nv": 802000,
            "eps": 22732,
            "bps": 124785.53696,
            "cnsEps": 29048,
            "ov": 803000,
            "sv": 799000,
            "cv": 3000,
            "nav": null,
            "aq": 85767,
            "aa": 68903000000,
            "cd": "035420",
            "ms": "CLOSE",
            "nm": "NAVER",
            "rf": "2",
            "mt": "1",
            "pcv": 799000
          },
          {
            "tyn": "N",
            "ul": 126000,
            "ll": 67900,
            "keps": 9759,
            "dv": 4000.00000,
            "cr": 1.55,
            "lv": 96900,
            "hv": 98800,
            "nv": 98500,
            "eps": 8476,
            "bps": 61553.44603,
            "cnsEps": 7898,
            "ov": 97000,
            "sv": 97000,
            "cv": 1500,
            "nav": null,
            "aq": 284320,
            "aa": 27878000000,
            "cd": "033780",
            "ms": "CLOSE",
            "nm": "KT&G",
            "rf": "2",
            "mt": "1",
            "pcv": 97000
          },
          {
            "tyn": "N",
            "ul": 50700,
            "ll": 27350,
            "keps": 0,
            "dv": 861.50000,
            "cr": 4.10,
            "lv": 38750,
            "hv": 41700,
            "nv": 40650,
            "eps": 4542,
            "bps": 57842.25708,
            "cnsEps": 8781,
            "ov": 38750,
            "sv": 39050,
            "cv": 1600,
            "nav": null,
            "aq": 5951,
            "aa": 243000000,
            "cd": "071055",
            "ms": "CLOSE",
            "nm": "한국금융지주우",
            "rf": "2",
            "mt": "1",
            "pcv": 39050
          },
          {
            "tyn": "N",
            "ul": 100000,
            "ll": 54000,
            "keps": 4784,
            "dv": 800.00000,
            "cr": 7.26,
            "lv": 77700,
            "hv": 85400,
            "nv": 82700,
            "eps": 4542,
            "bps": 57842.25708,
            "cnsEps": 8781,
            "ov": 77700,
            "sv": 77100,
            "cv": 5600,
            "nav": null,
            "aq": 348904,
            "aa": 28805000000,
            "cd": "071050",
            "ms": "CLOSE",
            "nm": "한국금융지주",
            "rf": "2",
            "mt": "1",
            "pcv": 77100
          },
          {
            "tyn": "N",
            "ul": 92900,
            "ll": 50100,
            "keps": 0,
            "dv": 5150.00000,
            "cr": 0.70,
            "lv": 71500,
            "hv": 72300,
            "nv": 72000,
            "eps": 7384,
            "bps": 121679.02311,
            "cnsEps": 9017,
            "ov": 72000,
            "sv": 71500,
            "cv": 500,
            "nav": null,
            "aq": 867,
            "aa": 62000000,
            "cd": "000155",
            "ms": "CLOSE",
            "nm": "두산우",
            "rf": "2",
            "mt": "1",
            "pcv": 71500
          },
          {
            "tyn": "N",
            "ul": 92100,
            "ll": 49700,
            "keps": 0,
            "dv": 5100.00000,
            "cr": 0.85,
            "lv": 70900,
            "hv": 72500,
            "nv": 71500,
            "eps": 7384,
            "bps": 121679.02311,
            "cnsEps": 9017,
            "ov": 70900,
            "sv": 70900,
            "cv": 600,
            "nav": null,
            "aq": 31,
            "aa": 2000000,
            "cd": "000157",
            "ms": "CLOSE",
            "nm": "두산2우B",
            "rf": "2",
            "mt": "1",
            "pcv": 70900
          },
          {
            "tyn": "N",
            "ul": 30050,
            "ll": 16250,
            "keps": 2254,
            "dv": 250.00000,
            "cr": 4.54,
            "lv": 23300,
            "hv": 24550,
            "nv": 24200,
            "eps": 2173,
            "bps": 21516.87912,
            "cnsEps": null,
            "ov": 23300,
            "sv": 23150,
            "cv": 1050,
            "nav": null,
            "aq": 210391,
            "aa": 5060000000,
            "cd": "023590",
            "ms": "CLOSE",
            "nm": "다우기술",
            "rf": "2",
            "mt": "1",
            "pcv": 23150
          },
          {
            "tyn": "N",
            "ul": 168000,
            "ll": 91000,
            "keps": 650,
            "dv": 550.00000,
            "cr": 1.54,
            "lv": 129500,
            "hv": 132500,
            "nv": 131500,
            "eps": 561,
            "bps": 110964.34904,
            "cnsEps": 4128,
            "ov": 130000,
            "sv": 129500,
            "cv": 2000,
            "nav": null,
            "aq": 238905,
            "aa": 31382000000,
            "cd": "028260",
            "ms": "CLOSE",
            "nm": "삼성물산",
            "rf": "2",
            "mt": "1",
            "pcv": 129500
          },
          {
            "tyn": "N",
            "ul": 100000,
            "ll": 54200,
            "keps": 2516,
            "dv": 250.00000,
            "cr": 6.08,
            "lv": 78000,
            "hv": 82300,
            "nv": 82000,
            "eps": 2516,
            "bps": 12790.09562,
            "cnsEps": 3003,
            "ov": 78200,
            "sv": 77300,
            "cv": 4700,
            "nav": null,
            "aq": 329973,
            "aa": 26725000000,
            "cd": "161890",
            "ms": "CLOSE",
            "nm": "한국콜마",
            "rf": "2",
            "mt": "1",
            "pcv": 77300
          }
        ],
        "name": "SERVICE_RECENT_ITEM"
      },
      {
        "datas": [
          {
            "tyn": "N",
            "ul": 1038000,
            "ll": 560000,
            "keps": 25746,
            "dv": 1131.00000,
            "cr": 0.38,
            "lv": 797000,
            "hv": 814000,
            "nv": 802000,
            "eps": 22732,
            "bps": 124785.53696,
            "cnsEps": 29048,
            "ov": 803000,
            "sv": 799000,
            "cv": 3000,
            "nav": null,
            "aq": 85767,
            "aa": 68903000000,
            "cd": "035420",
            "ms": "CLOSE",
            "nm": "NAVER",
            "rf": "2",
            "mt": "1",
            "pcv": 799000
          }
        ],
        "name": "SERVICE_ITEM"
      }
    ],
    "pollingInterval": 60000
  }
}