{
  "result": {
    "time": 1520725953568,
    "areas": [
      {
        "name": "SERVICE_ITEM",
        "datas": [
          {
            "nv": 802000,
            "cd": "035420",
            "eps": 22732,
            "bps": 124785.53696,
            "cnsEps": 29048,
            "ov": 803000,
            "sv": 799000,
            "cv": 3000,
            "nav": null,
            "aq": 85767,
            "aa": 68903000000,
            "ms": "CLOSE",
            "cr": 0.38,
            "hv": 814000,
            "lv": 797000,
            "nm": "NAVER",
            "rf": "2",
            "mt": "1",
            "pcv": 799000,
            "tyn": "N",
            "ul": 1038000,
            "ll": 560000,
            "keps": 25746,
            "dv": 1131.00000
          },
          {
            "nv": 47100,
            "cd": "086790",
            "eps": 4495,
            "bps": 75971.15330,
            "cnsEps": 7171,
            "ov": 47650,
            "sv": 47650,
            "cv": 550,
            "nav": null,
            "aq": 811752,
            "aa": 38426000000,
            "ms": "CLOSE",
            "cr": 1.15,
            "hv": 47950,
            "lv": 46750,
            "nm": "하나금융지주",
            "rf": "5",
            "mt": "1",
            "pcv": 47650,
            "tyn": "N",
            "ul": 61900,
            "ll": 33400,
            "keps": 4421,
            "dv": 1050.00000
          }
        ]
      }
    ],
    "pollingInterval": 60000
  },
  "resultCode": "success"
}